homelat,homelon,homecontinent,n
25.276987,55.296249,UAE,20
-23.533773,-46.62529,Brazil,40
-33.865143,151.2099,Australia,100
39.916668,116.383331,China,150
52.520008,13.404954,Germany,100